campus,borough2,school_corrected
MS 137,QUEENS,MS 137 AMERICAS SCHOOL OF HEROES
JOHN ADAMS HS,QUEENS,JOHN ADAMS HIGH SCHOOL
MS 181,BRONX,IS 181 PABLO CASALS
MS 144,BRONX,JHS 144 MICHELANGELO
MS 174,BRONX,
MS 118,BRONX,JHS 118 WILLIAM W NILES
MS 80,BRONX,JHS 080 THE MOSHOLU PARKWAY
MS 72,QUEENS,MS Q072 CATHERINE  COUNT BASIE MIDDLE SCHOOL
MS 127,BRONX,JHS 127 THE CASTLE HILL
MS 57,BROOKLYN,JHS 057 WHITELAW REID
MS 210,QUEENS,JHS 210 ELIZABETH BLACKWELL
MS 246 WALT WHITMAN,BROOKLYN,MS 246 WALT WHITMAN
MS 391,BRONX,
MS 51,BROOKLYN,MS 51 WILLIAM ALEXANDER
MS 203,BRONX,MS 203
MS 131,BRONX,JHS 131 ALBERT EINSTEIN
MS 88,BROOKLYN,JHS 088 PETER ROUGET
MS 101,BRONX,MS X101 EDWARD R BYRNE
MS 45 THOMAS C. GIORDANO,BRONX,JHS 045 THOMAS C GIORDANO
MS 135,BRONX,
MS 2,BROOKLYN,MS 002
MS 61,BROOKLYN,MS 061 GLADSTONE H ATWELL
MS 202,QUEENS,JHS 202 ROBERT H GODDARD
MS 390,BRONX,MS 390
MS 301,BRONX,MS 301 PAUL L DUNBAR
IS 227 LOUIS ARMSTRONG MIDDLE SCHOOL,QUEENS,IS 227 LOUIS ARMSTRONG
WILLIAMSBURG PREPARATORY SCHOOL,BROOKLYN,WILLIAMSBURG PREPARATORY SCHOOL
MS 308,BRONX,
MS 399,BRONX,
MS 158,QUEENS,MS 158 MARIE CURIE
MS 172,QUEENS,IRWIN ALTMAN MIDDLE SCHOOL 172
MS 390,BROOKLYN,
MS 216,QUEENS,JHS 216 GEORGE J RYAN
MS 131,MANHATTAN,MS 131
MS 254,BRONX,IS 254
PS/MS  194,BRONX,PSMS  194
MS 318,BRONX,IS X318 MATH SCIENCE  TECHNOLOGY THROUGH ARTS
MS 394,BROOKLYN,MS K394
MS 302,BRONX,MS 302 LUISA DESSUS CRUZ
MS 266 PARK PLACE COMMUNITY MIDDLE SCHOOL,BROOKLYN,MS K266  PARK PLACE COMMUNITY MIDDLE SCHOOL
MS 180,QUEENS,
MS 136,BROOKLYN,IS 136 CHARLES O DEWEY
MS 74,QUEENS,JHS 074 NATHANIEL HAWTHORNE
MS 222,BRONX,
PS 168 @ MS 203,BRONX,PS 168
MS 255 SALK SCHOOL OF SCIENCE,MANHATTAN,MS 255 SALK SCHOOL OF SCIENCE
MS 67,QUEENS,JHS 067 LOUIS PASTEUR
MS 324 PATRIA,MANHATTAN,MS 324  PATRIA
COMPREHENSIVE MODEL SCHOOL PROJECT MS 327,BRONX,COMPREHENSIVE MODEL SCHOOL PROJECT MS 327
WILLIAMSBURG COLLEGIATE CHARTER SCHOOL,BROOKLYN,WILLIAMSBURG COLLEGIATE CHARTER SCHOOL
GRAND STREET CAMPUS,BROOKLYN,ENTERPRISE BUSINESS AND  TECHNOLOGY HIGH SCHOOL
EVANDER CHILDS HS,BRONX,
THOMAS JEFFERSON HS,BROOKLYN,
THE HS OF FASHION INDUSTRIES,MANHATTAN,HIGH SCHOOL OF FASHION INDUSTRIES THE
JM RAPPORT SCHOOL FOR CAREER DEVELOPMENT,BRONX,J M RAPPORT SCHOOL CAREER DEVELOPMENT
JOHN JAY HS,BROOKLYN,
ADLAI STEVENSON HS,BRONX,BRONX COMMUNITY HIGH SCHOOL
BENJAMIN CARDOZO HS,QUEENS,BENJAMIN N CARDOZO HIGH SCHOOL
IS/JHS 180,BRONX,IS 180 DANIEL HALE WILLIAMS
WILLIAM H. MAXWELL CAREER & TECHNICAL EDUCATION HS,BROOKLYN,W H MAXWELL CAREER AND TECHNICAL EDUCATION HIGH
GEORGE WESTINGHOUSE CAREER & TECHNICAL EDUCATION HS,BROOKLYN,GEORGE WESTINGHOUSE CAREER AND TECHNICAL EDUCATION
FAR ROCKAWAY HS,QUEENS,
SCIENCE SKILLS CENTER HS AT WATERS EDGE,BROOKLYN,
THEODORE ROOSEVELT HIGH SCHOOL,BRONX,
SPRING CREEK COMMUNITY SCHOOL,BROOKLYN,The Cultural Arts Academy at Spring Creek Charter
SPRINGFIELD GARDENS HS,QUEENS,IS 059 SPRINGFIELD GARDENS
SAMUEL J. TILDEN HS,BROOKLYN,
ERASMUS CAMPUS BUSINESS TEC,BROOKLYN,HIGH SCHOOL FOR SERVICE  LEARNING AT ERASMUS
SOUTH SHORE HS,BROOKLYN,
ERASMUS HALL HS,BROOKLYN,HIGH SCHOOL FOR SERVICE  LEARNING AT ERASMUS
"QUEENS HS OF TEACHING,LIBERAL ARTS & THE SCIENCES",QUEENS,QUEENS HIGH SCHOOL OF TEACHING LIBERAL ARTS AND T
GEORGE WINGATE HS,BROOKLYN,GEORGE WINGATE HS
JANE ADDAMS HS FOR ACADEMIC CAREERS,BRONX,JANE ADDAMS HIGH SCHOOL FOR ACADEMIC CAREERS
URBAN ASSEMBLY INSTITUTE OF MATH & SCIENCE FOR YOUNG WOMEN,BROOKLYN,URBAN ASSEMBLY INSTITUTE OF MATH AND SCIENCE FOR Y
IS/JHS 383,BROOKLYN,JHS 383 PHILLIPPA SCHUYLER
PROSPECT HEIGHTS HS,BROOKLYN,
MURRY BERGTRAUM HS FOR BUSINESS CAREERS,MANHATTAN,
HS FOR LAW ENFORCEMENT & PUBLIC SAFETY,QUEENS,HIGH SCHOOL FOR LAW ENFORCEMENT AND PUBLIC SAFETY
SEWARD PARK HS,MANHATTAN,ESSEX STREET ACADEMY
HARRY VAN ARSDALE HS,BROOKLYN,
WILLIAM H. TAFT HIGH SCHOOL,BRONX,
LAFAYETTE HS,BROOKLYN,
P752 CAREER DEV.,QUEENS,
BRONXWOOD PREPARATORY ACADEMY,BRONX,ACADEMY FOR SCHOLARSHIP AND ENTREPRENEURSHIP A CO
LIBERATION DIPLOMA PLUS HS,BROOKLYN,LIBERATION DIPLOMA PLUS
MS 267 MATH SCIENCE & TECHNOLOGY SCHOOL,BROOKLYN,MS 267 MATH SCIENCE  TECHNOLOGY
ACADEMY FOR INTEGRATED LEARNING ,BROOKLYN,THE SCHOOL OF INTEGRATED LEARNING
WADLEIGH SECONDARY SCHOOL FOR THE PERFORMING & VISUAL ARTS,MANHATTAN,WADLEIGH SECONDARY SCHOOL FOR THE PERFORMING  VIS
WALTON HS,BRONX,
ANDRIES HUDDE JHS,BROOKLYN,ANDRIES HUDDE
BRANDEIS YABC,MANHATTAN,LOUIS D BRANDEIS HIGH SCHOOL
MS 297M@PS/IS 323M,,
MS 201 SCHOOL OF THEATRE ARTS & RES,BRONX,
BREAD & ROSES INTEGRATED ARTS  HS,MANHATTAN,BREAD    ROSES INTEGRATED ARTS HIGH SCHOOL
WILLIAM H MAXWELL CAREER & TECHNICAL EDUCATION HS,BROOKLYN,
P25 SOUTH RICHMOND,STATEN ISLAND,SOUTH RICHMOND HIGH SCHOOL ISPS 25
BROOKLYN HS FOR LAW & TECHNOLOGY,BROOKLYN,BROOKLYN HIGH SCHOOL FOR LAW AND TECHNOLOGY
SCHOOL OF CO-OP TECH. ED.,MANHATTAN,
IS/JHS 226,QUEENS,JHS 226 VIRGIL I GRISSOM
IS/JHS 52 ,MANHATTAN,JHS 052 INWOOD
P373 BKYLN TRANSITION CTR,BROOKLYN,PS 373  BROOKLYN TRANSITION CENTER
P036K,BROOKLYN,PS K036
PROGRESS HS FOR PROFESSONAL STUDIES,BROOKLYN,PROGRESS HIGH SCHOOL FOR PROFESSIONAL CAREERS
HS FOR HEALTH PROFESSIONS & HUMAN SERVICES,MANHATTAN,HIGH SCHOOL FOR HEALTH PROFESSIONS AND HUMAN SERVI
SOUTH BRONX HS,BRONX,
FIORELLO H LAGUARDIA HS OF MUSIC ART & PERFORMING ARTS,MANHATTAN,FIORELLO H LAGUARDIA HIGH SCHOOL OF MUSIC  ART A
JHS 117 FRANCIS SCOTT KEY,BROOKLYN,
P723X@JILL CHAIFETZ TRANSFER HS,,
BRONX HS OF SCIENCE,BRONX,BRONX HIGH SCHOOL OF SCIENCE
IS/JHS 291,BROOKLYN,JHS 291 ROLAND HAYES
BARD HS EARLY COLLEGE II,QUEENS,BARD HIGH SCHOOL EARLY COLLEGE II
HS FOR LAW ADVOCACY & COMMUNITY JUSTICE,MANHATTAN,HIGH SCHOOL FOR LAW ADVOCACY AND COMMUNITY JUSTIC
BROOKLYN COMMUNITY HS OF COMMUNICATION ARTS & MEDIA,BROOKLYN,BROOKLYN COMMUNITY HIGH SCHOOL OF COMMUNICATION A
BROOKLYN HS OF THE ARTS,BROOKLYN,BROOKLYN HIGH SCHOOL OF THE ARTS
CITY AS SCHOOL HS ,MANHATTAN,HIGH SCHOOL M560  CITY AS SCHOOL
IS/JHS 167,MANHATTAN,JHS 167 ROBERT F WAGNER
NEW SETTLEMENT COMMUNITY CAMPUS,BRONX,
PASSAGES ACADEMY AT BELMONT,BROOKLYN,
GEORGE WASHINGTON HS,MANHATTAN,
VALIDUS PREPARATORY ACADEMY:AN EXPEDITIONARY LEARNING SCHOOL,BRONX,
GOTHAM COLLABORATIVE HIGH SCHOOL ,BRONX,
PARK WEST HS,MANHATTAN,
ADLAI STEVENSON HS GED,BRONX,BRONX COMMUNITY HIGH SCHOOL
BRONX HS FOR THE VISUAL ARTS,BRONX,
MS 311Q-CORONA ARTS & SCIENCE ACADEMY,,
CANARSIE HS,BROOKLYN,
HS FOR ARTS IMAGINATION & INQUIRY,MANHATTAN,HIGH SCHOOL FOR ARTS IMAGINATION AND INQUIRY
HUDSON HS OF LEARNING TECHNOLOGIES,MANHATTAN,
JUAN MOREL CAMPOS SECONDARY SCH-IS 71K,BROOKLYN,
MOTT HAVEN EDUCATIONAL CAMPUS,,
P25 ANNEX ARTHUR KILL ROAD,STATEN ISLAND,
CORNERSTONE ACADEMY FOR SOCIAL ACTION MIDDLE SCHOOL CASA,BRONX,CORNERSTONE ACADEMY FOR SOCIAL ACTION MIDDLE SCHOO
EVERGREEN MIDDLE SCHOOL FOR URBAN EXPLORATION,BROOKLYN,
HS OF TELECOMMUNICATION ARTS & TECHNOLOGY,BROOKLYN,
JHS 166 ROBERTO CLEMENTE,BRONX,
HARVEST COLLEGIATE,,
JHS 258 DAVID RUGGLES,BROOKLYN,
NEW VISIONS CHARTER HIGH SCHOOL FOR THE HUMANITIES II,,
URBAN ASSEMBLY HS OF MUSIC & ART AT WATER'S EDGE,BROOKLYN,URBAN ASSEMBLY SCHOOL OF MUSIC AND ART THE
QUEENS TECHNICAL HS ,QUEENS,
SAMUEL J TILDEN HS,BROOKLYN,
BRONX RIVER HIGH SCHOOL ,BRONX,
COLLEGE POINT COLLABORATIVE ,QUEENS,
EPIC HIGH SCHOOL - SOUTH ,QUEENS,
IS/JHS 59,QUEENS,
MANHATTAN EARLY COLLEGE SCHOOL FOR ADVERTISING,MANHATTAN,
PS/IS 25 NORTH SHORE ANNEX,,
THE BROOKLYN SCHOOL FOR MATH & RESEARCH,BROOKLYN,
CASCADE HS FOR TEACHING & LEARNING,MANHATTAN,
EVANDER CHILDS EVENING HS MON & WED,BRONX,
THE EMERSON SCHOOL,QUEENS,
THURGOOD MARSHALL ACADEMY FOR LEARNING & CHANGE ,MANHATTAN,
HS OF ECONOMICS & FINANCE,MANHATTAN,
JULIA RICHMAN EDUCATIONAL COMPLEX,MANHATTAN,
WESTCHESTER SQUARE ACADEMY ,BRONX,
ART & DESIGN HS,,
NEW DORP EVENING M/W,STATEN ISLAND,
NEW MS@Q314 ,QUEENS,
P721 OTC,BRONX,
STEM INSTITUTE OF MANHATTAN,MANHATTAN,
ALFRED SMITH CAREER & TECHNICAL EDUCATION HS,BRONX,ALFRED E SMITH CAREER AND TECHNICAL EDUCATION HIG
EAST HARLEM SCHOLARS ACADEMY CHARTER SCHOOL @320 EAST 96TH ST,,
ALFRED E. SMITH CAMPUS YABC,BRONX,ALFRED E SMITH CAREER AND TECHNICAL EDUCATION HIG
CHRISTOPHER COLUMBUS HS GED,BRONX,
HS OF ARTS & TECHNOLOGY,MANHATTAN,HIGH SCHOOL OF ARTS AND TECHNOLOGY
SUCCESS ACADEMY CHARTER SCHOOL-SPRINGFIELD GARDENS-NEW YORK 6,QUEENS,
WILLIAM H TAFT HIGH SCHOOL,BRONX,
HS FOR EXCELLENCE & INNOVATION,MANHATTAN,HIGH SCHOOL FOR EXCELLENCE AND INNOVATION
KHALIL GIBRAN INTERNATIONAL ACADEMY@K806 ,BROOKLYN,KHALIL GIBRAN INTERNATIONAL ACADEMY
"QUEENS HS FOR INFORMATION,RESEARCH & TECHNOLOGY ",QUEENS,
RICHMOND HILL HS ANNEX,QUEENS,RICHMOND HILL HIGH SCHOOL
BROOKLYN INTERNATIONAL HS AT WATERS EDGE,BROOKLYN,BROOKLYN INTERNATIONAL HIGH SCHOOL
BUSHWICK LEADERS HS FOR ACADEMIC EXCELLENCE,BROOKLYN,BUSHWICK LEADERS HIGH SCHOOL FOR ACADEMIC EXCELLEN
DEMOCRACY PREP ENDURANCE CHARTER SCHOOL,MANHATTAN,DEMOCRACY PREP CHARTER SCHOOL
FORDHAM LEADERSHIP ACADEMY FOR BUSINESS & TECHNOLOGY,BRONX,FORDHAM LEADERSHIP ACADEMY FOR BUSINESS AND TECHNO
HS FOR CONSTRUCTION TRADES ENGINEERING & ARCHITECTURE,QUEENS,HIGH SCHOOL FOR CONSTRUCTION TRADES ENGINEERING A
"THE MARIE CURIE HS FOR NURSING,MEDICINE & ALLIED HEALTH PROFESSIONS",BRONX,THE MARIE CURIE SCHOOL FOR MEDICINE NURSING AND
THE URBAN ASSEMBLY SCHOOL FOR COLLABORATIVE HEALTHCARE,BROOKLYN,
CAREERS IN SPORTS HS,BRONX,
EDWARD R MURROW HS GED,BROOKLYN,
GEORGE W. WINGATE HS GED ,BROOKLYN,
HS FOR ARTS & BUSINESS,QUEENS,
IS/JHS 229,BRONX,IS 229 ROLAND PATTERSON
IS/JHS 98,BROOKLYN,IS 98 BAY ACADEMY
IS/JHS 99,MANHATTAN,
JACQUELINE K ONASSIS HS,MANHATTAN,JACQUELINE KENNEDY ONASSIS HIGH SCHOOL
JOHN F. KENNEDY JR. SCHOOL ,QUEENS,
URBAN ASSEMBLY NEW YORK HARBOR SCHOOL,MANHATTAN,
WILLIAMSBURG HS FOR ARCHITECTURE & DESIGN,BROOKLYN,WILLIAMSBURG HIGH SCHOOL FOR ARCHITECTURE AND DESI
BUSINESS TECHNOLOGY EARLY COLLEGE HIGH SCHOOL ,QUEENS,
PROSPECT HEIGHTS EVENING M/W,BROOKLYN,
AUXILIARY SERVICES@SAINT GEORGE DAY,STATEN ISLAND,
EAGLE ACADEMY FOR YOUNG MEN OF STATEN ISLAND,STATEN ISLAND,
EAST NY FAMILY ACADEMY,,
NELSON MANDELA HS,BROOKLYN,
NEST+M NEW EXPLORATIONS INTO SCIENCE TECHNOLOGY & MATH HS,MANHATTAN,
"NEW EXPLORATIONS INTO SCIENCE,TECHNOLOGY & MATH SCHOOL-NEST+M",MANHATTAN,
SEWARD PARK GED,MANHATTAN,
ARCHIMEDES ACADEMY FOR MATH SCIENCE & TECHNOLOGY APPLICATIONS,BRONX,
BEDFORD PARK ELEMENTARY SCHOOL,BRONX,
EAGLE ACADEMY FOR YOUNG MEN OF HARLEM,MANHATTAN,
EVANDER CHILDS EVENING HS,BRONX,
FORT HAMILTON HS GED,BROOKLYN,
HS FOR HUMANITIES,MANHATTAN,
MARTA VALLE MODEL HS,MANHATTAN,
MONROE ACADEMY ANNEX,BRONX,
MS 328 MANHATTAN MIDDLE SCHOOL FOR SCIENTIFIC INQUIRY,MANHATTAN,
TITO PUENTE EDUCATION COMPLEX,MANHATTAN,
YOUNG WOMEN LEADERSHIP SCHOOL/MANHATTAN CAMPUS,MANHATTAN,
DEWITT CLINTON HS GED,BRONX,
FDNY HS FOR FIRE & LIFE SAFETY,BROOKLYN,
NEW UTRECHT EVENING HS M/W,BROOKLYN,
PAN AMERICAN INTERNATIONAL HS@MONROE,BRONX,
"THE HS FOR ENTERPRISE, BUSINESS, & TECHNOLOGY",BROOKLYN,
47 THE AMERICAN SIGN LANGUAGE & ENGLISH SECONDARY SCHOOL,MANHATTAN,47 THE AMERICAN SIGN LANGUAGE AND ENGLISH DUAL LAN
ALTERNATE LEARNING CENTER RENAISSANCE CENTER,BROOKLYN,
BRONX COLLABORATIVE HIGH SCHOOL ,BRONX,
ENERGY TECH HS,QUEENS,
HAWTREE CREEK MIDDLE SCHOOL,QUEENS,
JOHN DEWEY GED,BROOKLYN,
LEADERSHIP PREP BEDFORD STUYVESANT CHARTER SCHOOL,BROOKLYN,
MANHATTAN COMPREHENSIVE DAY & NIGHT HS,MANHATTAN,
NEW DIRECTIONS SECONDARY SCHOOL,,
NEW VISIONS A.I.M. CHARTER HIGH SCHOOL I,,
P721 OTC,BROOKLYN,
MATHEMATICS SCIENCE RESEARCH & TECHNOLOGY MAGNET HS,QUEENS,
P37 ANNEX,STATEN ISLAND,
PS/IS 210 21ST CENTURY ACADEMY FOR COMMUNITY LEADERSHIP,MANHATTAN,
RENAISSANCE HIGH SCHOOL OF MUSICAL THEATER AND TECHNOLOGY,BRONX,
RICHARD R. GREEN HS OF TEACHING,MANHATTAN,
THE URBAN ASSEMBLY SCHOOL FOR EMERGENCY MANAGEMENT,MANHATTAN,
VERITAS ACADEMY,QUEENS,
VOYAGES PREP SOUTH QUEENS,QUEENS,
BROOKLYN NORTH BOROUGH OFFICE,,
CORONA ARTS & SCIENCES ACADEMY,QUEENS,
EAST NEW YORK ARTS AND CIVICS HIGH SCHOOL,,
HS FOR ENERGY & TECHNOLOGY,BRONX,
HS FOR HEALTH CAREERS & SCIENCES,MANHATTAN,
HS FOR PUBLIC SERVICE HEROES OF TOMORROW,BROOKLYN,
HS FOR SERVICE & LEARNING@ERASMUS,BROOKLYN,
LENOX ACADEMY,BROOKLYN,
P17@IS184,BRONX,
R119@ST. RITA SCHOOL,,
ROCKAWAY PARK HS FOR ENVIRONMENTAL SUSTAINABILITY,QUEENS,
THE BRONX COMPASS HIGH SCHOOL ,BRONX,
THE RIVERVIEW SCHOOL,QUEENS,
CHRISTOPHER COLUMBUS HS YABC,BRONX,
CITY AS SCHOOL LOWER MANHATTAN OUTREACH,MANHATTAN,HIGH SCHOOL M560  CITY AS SCHOOL
CSI HS FOR INTERNATIONAL STUDIES,STATEN ISLAND,
EBC HS FOR PUBLIC SERVICE BUSHWICK,BROOKLYN,
FORSYTH SATELLITE ACADEMY,MANHATTAN,
GREGORIO LUPERON HS FOR SCIENCE & MATHEMATICS,MANHATTAN,
ISAAC NEWTON JHS FOR SCIENCE & MATH,MANHATTAN,
MS 260M - CLINTON SCHOOL FOR WRITERS & ARTIST,,
P811 CMHC,BROOKLYN,
P9@WALTER REED SCHOOL,QUEENS,
QUEENS HS FOR LANGUAGE STUDIES,QUEENS,
SCHUYLERVILLE PREPARATORY HIGH SCHOOL ,BRONX,
SKILLMAN HIGH SCHOOL@P4,QUEENS,
STEPHEN T. MATHER BUILDING ARTS & CRAFTSMANSHIP HS,MANHATTAN,
SUCCESS ACADEMY WASHINGTON HEIGHTS,MANHATTAN,
THE HIGHBRIDGE GREEN SCHOOL,BRONX,
"THE QUEENS COLLEGE SCHOOL FOR MATH,SCIENCE, AND TECHNOLOGY",QUEENS,
UNIVERSITY PREP CHARTER MIDDLE SCHOOL,,
WOMENS ACADEMY OF EXCELLENCE,BRONX,
WORLD ACADEMY FOR TOTAL COMMUNITY HEALTH HS-WATCH,BROOKLYN,
A-TECH HIGH SCHOOL-,BROOKLYN,AUTOMOTIVE HIGH SCHOOL
BENJAMIN FRANKLIN HS FOR FINANCE AND INFORMATION TECHNOLOGY,QUEENS,
BROOKLYN ACADEMY OF SCIENCE & THE ENVIRONMENT BASE,BROOKLYN,
BROOKLYN HS FOR LEADERSHIP & COMMUNITY SERVICE,BROOKLYN,
INSTITUTE FOR HEALTH PROFESSIONS AT CAMBRIA HEIGHTS,QUEENS,
IS/JHS 141,BRONX,
JOHN F. KENNEDY GED,BRONX,
LIBERTY HS ACADEMY FOR NEWCOMERS,MANHATTAN,LIBERTY HIGH SCHOOL ACADEMY FOR NEWCOMERS
P4@P179,QUEENS,
PS/IS 208  GLEN OAKS CAMPUS,QUEENS,PS  IS 208
STEVENSON ANNEX@SOUNDVIEW EDUCATIONAL CAMPUS,BRONX,
SUCCESS ACADEMY CHARTER SCHOOL - BED-STUY 1,BROOKLYN,
SUCCESS ACADEMY HARLEM CENTRAL,MANHATTAN,
THE HIGH SCHOOL FOR CLIMATE JUSTICE,,
"THE SCHOOL FOR CLASSICS:ACADEMY OF THINKERS,WRITERS & PERFORMERS",,
WASHINGTON IRVING EVENING M/W,MANHATTAN,
ALTERNATE LEARNING CENTER OF PROSPECT PLACE,BROOKLYN,
BROOKLYN SCIENCE AND ENGINEERING ACADEMY,BROOKLYN,
CITY KNOLL MIDDLE SCHOOL ,02M933,
CONEY ISLAND PREP MIDDLE SCHOOL,BROOKLYN,
DOCK STREET SCHOOL,BROOKLYN,
FOOD & FINANCE HS,MANHATTAN,
HS FOR YOUTH & COMMUNITY DEVELOPMENT@ERASMUS,BROOKLYN,
HUNTERS POINT COMMUNITY MIDDLE SCHOOL,,
IS/JHS 187,BROOKLYN,
M751-MANHATTAN SCHOOL FOR CAREER DEV.@PS/IS 323M,,
MANHATTAN ALC BATTERY PARK,MANHATTAN,
MID MANHATTAN ADULT TRAINING CENTER,MANHATTAN,
MOTT HAVEN COMMUNITY HS,BRONX,
P256@BEACH CHANNEL HS,QUEENS,PS Q256
PS/IS 266 ,QUEENS,PS  IS 266
PS/MS 75,BRONX,
SUCCESS ACADEMY HIGH SCHOOL OF THE LIBERAL ARTS,MANHATTAN,
WEST END SECONDARY SCHOOL,,
YOUNG WOMEN LEADERSHIP SCHOOL QUEENS CAMPUS,QUEENS,
ACADEMY FOR SOFTWARE ENGINEERING,MANHATTAN,WASHINGTON IRVING HIGH SCHOOL
ACHIEVEMENT FIRST LINDEN MIDDLE CHARTER SCHOOL,,
ACORN HS FOR SOCIAL JUSTICE,BROOKLYN,
ALTERNATIVE LEARNING CENTER@JOHN JAY CAMPUS,,
BARD HS EARLY COLLEGE,MANHATTAN,
BRONX DESIGN & CONSTRUCTION ACADEMY,BRONX,
BRONX HS OF BUSINESS,BRONX,
COLUMBIA SECONDARY SCHOOL FOR MATH SCIENCE & ENGINEERING,MANHATTAN,
CS 191@PS 129 TWIN PARKS UPPER,BRONX,
FORDHAM HS FOR THE ARTS,BRONX,
HS FOR LAW & PUBLIC SERVICE,MANHATTAN,
HS FOR TEACHING & THE PROFESSIONS,BRONX,
JUMP START ACADEMY,QUEENS,
KNOWLEDGE & POWER PREPARATORY ACADEMY INTERNATIONAL HS KAPPA,BRONX,
LIFE ACADEMY HS FOR FILM & MUSIC,BROOKLYN,
MANHATTAN SCHOOL FOR CAREER DEVELOPMENT P751,MANHATTAN,
MS 45 STARS PREP ACADEMY,MANHATTAN,
MS 839 ,BROOKLYN,
MS 890K,,
MS/HS 368,BRONX,
PS/IS 78Q @ PS/IS 312Q,,
SOUTH RICHMOND HIGH SCHOOL I.S./P.S. 25 NORTH SHORE@119,,
THE HARBOR VIEW SCHOOL ,STATEN ISLAND,
THEODORE ROOSEVELT EVENING M/W,BRONX,
URBAN ASSEMBLY MAKER ACADEMY,MANHATTAN,
W.E.B. DU BOIS YABC,BROOKLYN,
ACCESS GED,BROOKLYN,
ACHIEVEMENT FIRST NORTH BROOKLYN PREP CHARTER SCHOOL,BROOKLYN,
AMPARK NEIGHBORHOOD SCHOOL,BRONX,
BEDFORD STUYVESANT COLLEGIATE CHARTER SCHOOL,BROOKLYN,
BRONX HS FOR LAW & COMMUNITY SERVICE,BRONX,
BROOKLYN ADULT LEARNING CENTER,BROOKLYN,
BROOKLYN URBAN GARDEN CHARTER SCHOOL ,BROOKLYN,
BUSHWICK LEADERS HS FOR ACADEMIC EXCELLENCE,,
CLAREMONT INTERNATIONAL HIGH SCHOOL,,
DIGITAL ARTS & CINEMA TECHNOLOGY HIGH SCHOOL ,BROOKLYN,
EAST ELMHURST COMMUNITY SCHOOL,QUEENS,
ENGLISH LANGUAGE LEARNERS & INTERNATIONAL SUPPORT PREPARATORY ACADEMY,BRONX,
EVANDER CHILDS HS GED,BRONX,
FLUSHING EVENING HS MON & WED,QUEENS,
FOREIGN LANGUAGE ACADEMY OF GLOBAL STUDIES FLAGS HS,BRONX,
GAYNOR MCCOWN EXPEDITIONARY LEARNING SCHOOL,STATEN ISLAND,
HS FOR CIVIL RIGHTS,BROOKLYN,HIGH SCHOOL FOR CIVIL RIGHTS
HS FOR VIOLIN & DANCE,BRONX,HIGH SCHOOL FOR VIOLIN AND DANCE
HS OF COMPUTERS & TECHNOLOGY,BRONX,
HS OF WORLD CULTURES,BRONX,
IS/JHS 303,BRONX,IS X303 LEADERSHIP  COMMUNITY SERVICE
IS/PS 298Q,,
JOHN ADAMS EVENING M/W,QUEENS,
JOHN JAY GED,BROOKLYN,
JOSEPH F. QUINN INTERMEDIATE SCHOOL 77,,
LEGACY HIGH  SCHOOL FOR INTEGRATED STUDIES,MANHATTAN,LEGACY SCHOOL FOR INTEGRATED STUDIES
MANHATTAN ALC EAST HARLEM,MANHATTAN,
MIDDLE COLLEGE HS@LAGUARDIA COMMUNITY COLLEGE,QUEENS,MIDDLE COLLEGE HIGH SCHOOL AT LAGUARDIA COMMUNITY
MS 347/349,BROOKLYN,
PARK PLACE ACADEMY,BROOKLYN,
PAUL HEDBAVNY SCHOOL PS/IS 278,MANHATTAN,PSIS 278
PROFESSIONAL PATHWAYS HIGH SCHOOL,,
PULSE ,BRONX,
REGION 3-LEARNING SUPPORT CENTER,QUEENS,
"ROBERT F.WAGNER, JR. SECONDARY SCHOOL FOR ARTS AND TECHNOLOGY",QUEENS,
ROBERT H. GODDARD HS OF COMMUNICATION ARTS & TECHNOLOGY,QUEENS,
SECOND OPPORTUNITY SCHOOL-SOS ,BROOKLYN,
SOUNDVIEW EDUCATIONAL CAMPUS,BRONX,
SUCCESS ACADEMY CHARTER SCHOOL - HARLEM 3,MANHATTAN,
THE NEW VISIONS CHARTER HS FOR ADVANCED MATH AND SCIENCE,BRONX,
TOMPKINS SQUARE MIDDLE SCHOOL EXTENSION,MANHATTAN,
UNION SQUARE ACADEMY FOR HEALTH SCIENCES,MANHATTAN,
UPK 066R,,
YORKVILLE COMMUNITY SCHOOL ,MANHATTAN,
ALC-COMPLEX ,QUEENS,
ALC-ROYAL 180 ACADEMY@ALC-COMPLEX,QUEENS,
ALC - MS 53@IS 053Q ,QUEENS,
AUXILIARY SERVICES@JEFFREY TENZER,MANHATTAN,
BRONX ADULT LEARNING CENTER,BRONX,
BRONX COLLEGIATE ACADEMYOLD BRONX EXPEDITIONARY LEARNING HS,BRONX,
BRONX HS FOR WRITING & COMMUNICATION ARTS,BRONX,
BROOKLYN SOUTH BOROUGH OFFICE,,
DISTRICT 29 OFFICE,QUEENS,
ELM TREE ELEMENTARY SCHOOL,QUEENS,
GEORGE WASHINGTON YABC YOUNG ADULT BOROUGH CENTER,MANHATTAN,
GIRLS PREP CHARTER SCHOOL OF THE BX@MS 301X ,BRONX,
HARRY VAN ARSDALE HS GED,BROOKLYN,
ICE INSTITUTE FOR COLLABORATIVE EDUCATION,MANHATTAN,
INTERNATIONAL HS@PROSPECT HEIGHTS,BROOKLYN,
IS/JHS 193,BRONX,
IS/JHS 320,BROOKLYN,
IS/JHS 339,BRONX,
IS/JHS 898,MANHATTAN,
IT TAKES A VILLAGE ACADEMY ITAVA,BROOKLYN,
JAMAICA GATEWAY TO THE SCIENCES,QUEENS,
JAMES MADISON GED,BROOKLYN,
JOHN F KENNEDY GED,BRONX,
KIPP WASHINGTON HEIGHTS MIDDLE SCHOOL,MANHATTAN,
LOWER MANHATTAN COMMUNITY MIDDLE SCHOOL,MANHATTAN,
MIDWOOD ANNEX,BROOKLYN,
MILLENIUM HS,MANHATTAN,
MS 936K,,
NAPLES STREET ELEMENTARY SCHOOL,STATEN ISLAND,
NEW HEIGHTS MIDDLE SCHOOL ,BROOKLYN,
NEW VISIONS CHARTER HIGH SCHOOL FOR ADVANCE MATH & SCIENCE III,,
OFFSITE SUSPENSION CENTERS,BROOKLYN,
ORCHARD COLLEGIATE ACADEMY,,
ORIGINS HIGH SCHOOL,,
P 226@380 ,MANHATTAN,
P721 OTC,MANHATTAN,
P811M ,MANHATTAN,
PELHAM LAB HIGH SCHOOL ,BRONX,
PROFESSIONAL PERFORMING ARTS SCHOOL-PPAS,MANHATTAN,
SUCCESS ACADEMY CHARTER SCHOOL - BRONX 1,BRONX,
SUCCESS ACADEMY CHARTER SCHOOL - BRONX 2,BRONX,
SUCCESS ACADEMY CHARTER SCHOOL - BUSHWICK,,
SUCCESS ACADEMY CHARTER SCHOOL - HARLEM 1,MANHATTAN,
SUCCESS ACADEMY CHARTER SCHOOL - HARLEM 5,MANHATTAN,
SUCCESS ACADEMY CHARTER SCHOOL - MANHATTAN 2- HELL'S KITCHEN,MANHATTAN,
SUCCESS ACADEMY CHARTER SCHOOL - ROSEDALE NY 5,,
TEACHERS COLLEGE COMMUNITY SCHOOL ANNEX – MANHATT,,
THE HS FOR LANGUAGE & DIPLOMACY,MANHATTAN,
THE JAMES BALDWIN SCHOOL:A SCHOOL FOR EXPEDITIONARY LEARNING,MANHATTAN,
UNCOMMON CHARTER HS,BROOKLYN,
WILDCAT HS,BRONX,
WILLIAM H. TAFT GED,BRONX,
WORLD VIEW HIGH SCHOOL ,BRONX,
YALA MANHATTAN LEARNING CENTER,MANHATTAN,
51ST AVE ACADEMY,QUEENS,51 AVENUE ACADEMY THE PATH TO ACADEMIC EXCELLENCE
ACAD FOR CAREERS IN TELEVISION & FILM,QUEENS,ACADEMY FOR CAREERS IN TELEVISION AND FILM
ACADEMY OF COLLABORATIVE EDUCATION,MANHATTAN,INSTITUTE FOR COLLABORATIVE EDUCATION
ACE ACADEMY FOR SCHOLARS@GERALDINE FERRARO CAMPUS,QUEENS,
ALC- SUTPHIN HS@QNS SUSP. CENTER,,
ALC-JAMAICA ACADEMY@ALC-COMPLEX ,QUEENS,
ALTERNATIVE LEARNING CENTER@STEVENSON CAMPUS,,
AMPARK NEIGHBORHOOD PROGRAM,BRONX,
AUXILIARY SERVICES@MONROE ACADEMY EVENING,BRONX,
AUXILIARY SERVICES@WILLIAM GRADY VOC  HS,BROOKLYN,
BARUCH COLLEGE  HS,MANHATTAN,
BRONX PREPARATORY CHARTER SCHOOL,BRONX,
BRONX WEST BOROUGH OFFICE,,
CANARSIE EVENING HS TUES & THURS,BROOKLYN,
CAREER EDUCATION CENTER,MANHATTAN,
CASTLE BRIDGE SCHOOL,MANHATTAN,
CITY AS SCHOOL HS ,BROOKLYN,
CITY KNOLL SCHOOL,,
CITY POLYTECHNIC HS OF ENGINEERING ARCHITECTURE & TECHNOLOGY,BROOKLYN,
CLINTON SCHOOL@PS 11,MANHATTAN,
CONEY ISLAND PREP ELEMENTARY SCHOOL,BROOKLYN,
DISTRICT 2 PREK CENTER@M453,,
DISTRICT 75 SECONDARY SITE 75R373 ,STATEN ISLAND,
EAST NEW YORK PREPARATORY CHARTER SCHOOL,BROOKLYN,
EBC/ENY HS FOR PUBLIC SAFETY & LAW,BROOKLYN,
EXPLORE EXCEED CHARTER SCHOOL@K022,,
FELISA RINCON DE GAUTIER INSTITUTE FOR LAW & PUBLIC POLICY,BRONX,
GARDEN OF LEARNING AND DISCOVERY PRE-K CENTER,,
GIRLS PREP. CHARTER SCH. OF THE BX@MS 301X ,BRONX,
HUNTERS POINT ELEMENTARY SCHOOL,,
INTERNATIONAL HS AT LAFAYETTE,BROOKLYN,
INTERNATIONAL HS FOR HEALTH SCIENCES,QUEENS,
INTERNATIONAL HS@LAGUARDIA COMMUNITY COLLEGE,QUEENS,
IS/JHS 13,MANHATTAN,
IS/JHS 250,MANHATTAN,
IS/JHS 705,QUEENS,
JOHN F KENNEDY JR. SCHOOL ,QUEENS,
JOHN JAY ANNEX HS,BROOKLYN,
KIPP ALL CHARTER SCHOOL - BRONX ,BRONX,
KIPP AMP CHARTER SCHOOL,BROOKLYN,
KIPP FREEDOM CHARTER SCHOOL,,
KIPP FREEDOM CHARTER SCHOOL ,BRONX,
KIPP STAR COLLEGE PREPARATORY CHARTER SCHOOL,MANHATTAN,
LEADERSHIP PREP BROWNSVILLE CHARTER SCHOOL,BROOKLYN,
LINDEN LEARNING CENTER,BROOKLYN,
MANHATTAN SOUTH BOROUGH OFFICE,,
MARBLE HILL HS FOR INTERNATIONAL STUDIES,BRONX,
MOSAIC PREK CNTR@68-20 MYRTLE AVE,QUEENS,
NEW DORP EVENING T/R,STATEN ISLAND,
NEW SCHOOL FOR ARTS & SCIENCES,BRONX,
NORTHSIDE CHARTER SCHOOL,BROOKLYN,
NYC LAB MS FOR COLL. STUDIES,MANHATTAN,
P009Q@Q268,,
P009Q@Q882,QUEENS,
P188@JHS120,BRONX,
P371ANNEX,BROOKLYN,
P4@P843,BROOKLYN,
P811 BRONX CMHC,BRONX,
PAL LONGWOOD SUSPENSION CENTER,BRONX,
PARK WEST EVENING M/W,MANHATTAN,
PARK WEST EVENING T/R,MANHATTAN,
PASSAGES ACADEMY,BRONX,
PATHWAYS FOR YOUTH@CASTLE HILL COMMUNITY CENTER,BRONX,
PORT RICHMOND SCHOOL FOR VISIONARY LEARNING,,
PREK CENTER @ 1258 65TH STREET ,UPK695K,
PREK CENTER@BISHOP FORD HS ,BROOKLYN,
PS/IS 224 ,BRONX,PS  IS 224
PS/IS 338,BRONX,
QUEENS EXPLORERS ELEMENTARY SCHOOL  ,QUEENS,
REGION 9 LEARNING SUPPORT CENTER,MANHATTAN,
RICHARD R GREEN HS OF TEACHING,MANHATTAN,
ROBERT H GODDARD HS OF COMMUNICATION ARTS & TECHNOLOGY,QUEENS,
SCHOOL FOR TOURISM AND HOSPITALITY,BRONX,
SPECIAL MUSIC SCHOOL-PS 859,MANHATTAN,
SUCCESS ACADEMY CHARTER SCHOOL - BED-STUY 2,BROOKLYN,
SUCCESS ACADEMY CHARTER SCHOOL - CROWN HEIGHTS - BROOKLYN 7,BROOKLYN,
SUCCESS ACADEMY CHARTER SCHOOL - FAR ROCKAWAY,,
THE CELIA CRUZ BRONX HS OF MUSIC,BRONX,
THE NEW VISIONS CHARTER HS FOR THE HUMANITIES,BRONX,
THE PECK SLIP SCHOOL,MANHATTAN,
THE RIVER SCHOOL,MANHATTAN,
THE STEAM BRIDGE SCHOOL,,
THE YOUNG WOMEN’S LEADERSHIP SCHOOL OF STATEN ISLAND,,
WALTON GED,BRONX,
WASHINGTON IRVING YABC,MANHATTAN,
WESTINGHOUSE EVENING SCHOOL,BROOKLYN,
WILLIAMSBURG CHARTER SCHOOL,BROOKLYN,
PS/IS 30 MARY WHITE OVINGTON,,IS 30 MARY WHITE OVINGTON
PS/IS 208 ,QUEENS,PSIS 218 RAFAEL HERNANDEZ DUAL LANGUAGE MAGNE
PS/IS 323,BROOKLYN,PSIS 323
PS/IS 35,BROOKLYN,PSIS 323
PS/IS 295 ,QUEENS,PSIS 295
PS/IS 217 ROOSEVELT ISLAND,MANHATTAN,PSIS 217 ROOSEVELT ISLAND
PS/IS 194 ,BRONX,PSIS 104 FORT HAMILTON SCHOOL
PS/IS 194,BRONX,PSIS 104 FORT HAMILTON SCHOOL
PS/IS 89,MANHATTAN,PSIS 295
